step,timestamp,agent_x,agent_y,agent_dir,action_index,action_name,user_prompt,vlm_action_chunk,vlm_reasoning,vlm_grounding,memory_spatial_description,memory_task_goal,memory_task_status,memory_task_blocked_reason,memory_previous_action,last_action_result_action,last_action_result_success,last_action_result_failure_reason,last_action_result_position_changed,reward,done,image_path
1,2026-01-14T11:14:55.289131,2,10,3,0,move up,"Task: Go to the phone room.

Based on the current image, choose the next action to complete this task. Use absolute directions (up/down/left/right).","[""move up"", ""move right"", ""move right""]","The last action result is not applicable as this is the first action. The task is to reach the phone room, which is located to the north of the robot's current position. The path is clear to move up. The action is feasible as the target cell is passable. No loop prevention is needed as this is the first move. No grounding rule applies.",,"The robot is at the bottom left corner, surrounded by flowers and bricks. The phone room is located north of the robot's current position.",Reach the phone room.,in_progress,,move up,move up,True,,True,0.0,False,step_0001.png
2,2026-01-14T11:15:56.448016,3,10,0,3,move right,"Task: Go to the phone room.
For that, first go to the flower room on your right.

Based on the current image, choose the next action to complete this task. Use absolute directions (up/down/left/right).","[""right"", ""up"", ""right""]","The last action was successful, and the task is to reach the flower room to the right. The path to the right is clear, so moving right is feasible. No loop prevention is needed as the last action was successful.",,"The robot is currently at the bottom left, with the flower room directly to the right.",Reach the flower room.,in_progress,,right,move right,True,,True,0.0,False,step_0002.png
3,2026-01-14T11:18:35.856110,4,10,0,3,move right,"Task: Go to the phone room.
For that, first go to the flower room on your right.
Then, go up.

Based on the current image, choose the next action to complete this task. Use absolute directions (up/down/left/right).","[""right"", ""up"", ""left""]","The last action was 'move right' and it was successful, so I will continue moving right to reach the flower room. The task of reaching the flower room is not yet completed. The cell to the right is passable, and there is no loop prevention issue as the last action was successful.",,"The robot is currently in the bottom left area, surrounded by flowers to the right and bricks to the north and south.",Reach the flower room.,in_progress,,right,move right,True,,True,0.0,False,step_0003.png
4,2026-01-14T11:19:06.800622,4,10,3,0,move up,"Task: Mission: Go to the blue pillar, turn right, then stop next to the table.

Based on the current image, choose the next action to complete this task. Use absolute directions (up/down/left/right).","[""move up"", ""move right"", ""move right""]","1) Last action result was successful, so no need to avoid repeating it. 2) The task is not yet complete as the robot is not at the blue pillar. 3) Moving up is feasible as the target cell is passable. 4) No loop prevention needed as the last action was successful. 5) No grounding rule applies.",,"The robot is currently at the bottom left, surrounded by flowers and bricks. The blue pillars are directly north.",Reach the blue pillar.,in_progress,,move up,move up,False,blocked_by_obstacle,False,0.0,False,step_0004.png
5,2026-01-14T11:21:20.208415,5,10,0,3,move right,"Task: Go to the phone room.
For that, first go to the flower room on your right.
Then, go up.

Based on the current image, choose the next action to complete this task. Use absolute directions (up/down/left/right).","[""right"", ""up"", ""up""]","The last action 'move up' failed because it was blocked by an obstacle, so I will not repeat it. The task is to first go to the flower room on the right. The cell to the right is passable, so moving right is feasible. This avoids repeating the failed action and aligns with the task goal.",,"The robot is currently in the bottom-left corner, surrounded by flowers to the right and a wall to the north.",Reach the flower room on the right.,in_progress,,right,move right,True,,True,0.0,False,step_0005.png
6,2026-01-14T11:22:31.536432,5,10,3,0,move up,"Task: Mission: Go to the blue pillar, turn right, then stop next to the table.

Based on the current image, choose the next action to complete this task. Use absolute directions (up/down/left/right).","[""up"", ""right"", ""right""]","The last action was successful, so I can continue moving towards the blue pillar. The task is not yet complete as I need to reach the blue pillar first. Moving up is feasible as the target cell is passable. There is no loop prevention needed as the last action was successful.",,"The robot is currently located below the blue pillars, with the blue pillars to the north.",Reach the blue pillar.,in_progress,,up,move up,False,blocked_by_obstacle,False,0.0,False,step_0006.png
7,2026-01-14T11:22:54.890321,6,10,0,3,move right,"Task: Mission: Go to the blue pillar, turn right, then stop next to the table.

Based on the current image, choose the next action to complete this task. Use absolute directions (up/down/left/right).","[""move right"", ""move down"", ""move left""]","The last action 'move up' failed because it was blocked by an obstacle, so I will not repeat it. The task is to reach the blue pillar. The path to the blue pillar is clear to the right. The action 'move right' is feasible as the target cell is passable. There is no loop prevention needed as the previous action failed. No grounding rule applies.",,The robot is currently south of the blue pillars and needs to move east to reach them.,Reach the blue pillar.,in_progress,,move right,move right,True,,True,0.0,False,step_0007.png
8,2026-01-14T11:23:17.149431,6,9,3,0,move up,"Task: Mission: Go to the blue pillar, turn right, then stop next to the table.

Based on the current image, choose the next action to complete this task. Use absolute directions (up/down/left/right).","[""move up"", ""move right"", ""move right""]","The last action was successful, and the robot moved right. The task is to reach the blue pillar. The robot is currently below the blue pillars, so moving up is feasible and will bring the robot closer to the target. The target cell is passable, and there are no obstacles. No loop prevention is needed as the last action was successful.",,The robot is currently south of the blue pillars and needs to move north to reach them.,Reach the blue pillar.,in_progress,,move up,move up,True,,True,0.0,False,step_0008.png
9,2026-01-14T11:23:41.233807,6,8,3,0,move up,"Task: Mission: Go to the blue pillar, turn right, then stop next to the table.

Based on the current image, choose the next action to complete this task. Use absolute directions (up/down/left/right).","[""move up"", ""move right"", ""move right""]","The last action was 'move up' and it was successful, so the robot is now closer to the blue pillar. The task is not yet complete as the robot needs to reach the blue pillar. The next feasible action is to 'move up' again, as the cell above is passable and not blocked by any obstacles. This action will bring the robot adjacent to the blue pillar. There is no loop prevention needed as the previous action was successful.",,"The robot is currently south of the blue pillar, surrounded by brick walls to the west and south.",Reach the blue pillar.,in_progress,,move up,move up,True,,True,0.0,False,step_0009.png
10,2026-01-14T11:24:36.527484,6,7,3,0,move up,"Task: Mission: Go to the blue pillar, turn right, then stop next to the table.

Based on the current image, choose the next action to complete this task. Use absolute directions (up/down/left/right).","[""move up"", ""move right"", ""move up""]","The last action 'move up' was successful, and the robot is not yet adjacent to the blue pillar. The next feasible action is to continue moving up, as the path is clear. This action will bring the robot closer to the blue pillar. No loop prevention is needed as the previous action was successful.",,"The robot is currently located below the blue pillars, with a clear path upwards.",Reach the blue pillar.,in_progress,,move up,move up,True,,True,0.0,False,step_0010.png
11,2026-01-14T11:24:55.800617,6,6,3,0,move up,"Task: Mission: Go to the blue pillar, turn right, then stop next to the table.

Based on the current image, choose the next action to complete this task. Use absolute directions (up/down/left/right).","[""move up"", ""move right"", ""move down""]","The last action 'move up' was successful, and the robot is now adjacent to the blue pillar. The task requires moving to the blue pillar, turning right, and stopping next to the table. The next step is to move right to turn towards the table. (1) Last action result was successful, so no need to avoid repeating it. (2) Task completion check shows the robot is adjacent to the blue pillar, so the next step is to turn right. (3) Action feasibility is confirmed as the target cell is passable. (4) Loop prevention is ensured as the previous action was successful. (5) No grounding rule applies.",,"The robot is currently adjacent to the blue pillar, which is north of its position. The table is to the east of the blue pillar.","Reach the blue pillar, turn right, and stop next to the table.",in_progress,,move up,move up,True,,True,0.0,False,step_0011.png
